{
  "meta" : {
    "bench_runs" : 10,
    "cold_runs" : 3,
    "layer" : "swift",
    "os_version" : "Version 26.2 (Build 25C56)",
    "process_count" : 10,
    "timestamp" : "2026-02-21T12:55:51Z",
    "warmup_runs" : 3
  },
  "results" : [
    {
      "cold" : {
        "t2_roundtrip" : {
          "cv" : 0.13323467750529827,
          "max" : 10,
          "mean" : 8.6666666666666661,
          "median" : 8,
          "min" : 8,
          "n" : 3,
          "p95" : 10,
          "p99" : 10,
          "stddev" : 1.1547005383792517
        },
        "t5_collect_image" : {
          "cv" : 0,
          "max" : 0.024080276489257812,
          "mean" : 0.024080276489257812,
          "median" : 0.024080276489257812,
          "min" : 0.024080276489257812,
          "n" : 3,
          "p95" : 0.024080276489257812,
          "p99" : 0.024080276489257812,
          "stddev" : 0
        }
      },
      "content_length_kb" : 0.322265625,
      "fixture" : "01-tiny.md",
      "warm" : {
        "t2_roundtrip" : {
          "cv" : 3.1622776601683791,
          "max" : 0.99999999999997158,
          "mean" : 0.099999999999997161,
          "median" : 0,
          "min" : 0,
          "n" : 10,
          "p95" : 0.99999999999997158,
          "p99" : 0.99999999999997158,
          "stddev" : 0.31622776601682895
        },
        "t5_collect_image" : {
          "cv" : 0,
          "max" : 0.024080276489257812,
          "mean" : 0.024080276489257812,
          "median" : 0.024080276489257812,
          "min" : 0.024080276489257812,
          "n" : 10,
          "p95" : 0.024080276489257812,
          "p99" : 0.024080276489257812,
          "stddev" : 0
        }
      }
    },
    {
      "cold" : {
        "t2_roundtrip" : {
          "cv" : 0.029356793348625041,
          "max" : 20,
          "mean" : 19.666666666666668,
          "median" : 20,
          "min" : 19,
          "n" : 3,
          "p95" : 20,
          "p99" : 20,
          "stddev" : 0.57735026918962584
        },
        "t5_collect_image" : {
          "cv" : 0,
          "max" : 0.024914741516113281,
          "mean" : 0.024914741516113281,
          "median" : 0.024914741516113281,
          "min" : 0.024914741516113281,
          "n" : 3,
          "p95" : 0.024914741516113281,
          "p99" : 0.024914741516113281,
          "stddev" : 0
        }
      },
      "content_length_kb" : 3.166015625,
      "fixture" : "02-small-gfm.md",
      "warm" : {
        "t2_roundtrip" : {
          "cv" : 0.13055294365936429,
          "max" : 4.0000000000000568,
          "mean" : 3.7000000000000002,
          "median" : 4,
          "min" : 3,
          "n" : 10,
          "p95" : 4.0000000000000568,
          "p99" : 4.0000000000000568,
          "stddev" : 0.48304589153964794
        },
        "t5_collect_image" : {
          "cv" : 0,
          "max" : 0.024914741516113281,
          "mean" : 0.024914741516113281,
          "median" : 0.024914741516113281,
          "min" : 0.024914741516113281,
          "n" : 10,
          "p95" : 0.024914741516113281,
          "p99" : 0.024914741516113281,
          "stddev" : 0
        }
      }
    },
    {
      "cold" : {
        "t2_roundtrip" : {
          "cv" : 0.043068951713092489,
          "max" : 50,
          "mean" : 48.333333333333343,
          "median" : 49.000000000000028,
          "min" : 46,
          "n" : 3,
          "p95" : 50,
          "p99" : 50,
          "stddev" : 2.0816659994661375
        },
        "t5_collect_image" : {
          "cv" : 0,
          "max" : 0.11003017425537109,
          "mean" : 0.11003017425537109,
          "median" : 0.11003017425537109,
          "min" : 0.11003017425537109,
          "n" : 3,
          "p95" : 0.11003017425537109,
          "p99" : 0.11003017425537109,
          "stddev" : 0
        }
      },
      "content_length_kb" : 17.6455078125,
      "fixture" : "03-medium-code.md",
      "warm" : {
        "t2_roundtrip" : {
          "cv" : 0.044539121974202144,
          "max" : 15,
          "mean" : 14.199999999999989,
          "median" : 14,
          "min" : 13,
          "n" : 10,
          "p95" : 15,
          "p99" : 15,
          "stddev" : 0.63245553203366989
        },
        "t5_collect_image" : {
          "cv" : 0,
          "max" : 0.11003017425537109,
          "mean" : 0.11003017425537109,
          "median" : 0.11003017425537109,
          "min" : 0.11003017425537109,
          "n" : 10,
          "p95" : 0.11003017425537109,
          "p99" : 0.11003017425537109,
          "stddev" : 0
        }
      }
    },
    {
      "cold" : {
        "t2_roundtrip" : {
          "cv" : 0.02014012566940555,
          "max" : 29,
          "mean" : 28.666666666666668,
          "median" : 29,
          "min" : 28,
          "n" : 3,
          "p95" : 29,
          "p99" : 29,
          "stddev" : 0.57735026918962584
        },
        "t5_collect_image" : {
          "cv" : 0,
          "max" : 0.096917152404785156,
          "mean" : 0.096917152404785156,
          "median" : 0.096917152404785156,
          "min" : 0.096917152404785156,
          "n" : 3,
          "p95" : 0.096917152404785156,
          "p99" : 0.096917152404785156,
          "stddev" : 0
        }
      },
      "content_length_kb" : 16.17578125,
      "fixture" : "04-large-prose.md",
      "warm" : {
        "t2_roundtrip" : {
          "cv" : 2.3049374630630021e-15,
          "max" : 14.000000000000057,
          "mean" : 13.999999999999995,
          "median" : 14,
          "min" : 13.999999999999943,
          "n" : 10,
          "p95" : 14.000000000000057,
          "p99" : 14.000000000000057,
          "stddev" : 3.2269124482882016e-14
        },
        "t5_collect_image" : {
          "cv" : 0,
          "max" : 0.096917152404785156,
          "mean" : 0.096917152404785156,
          "median" : 0.096917152404785156,
          "min" : 0.096917152404785156,
          "n" : 10,
          "p95" : 0.096917152404785156,
          "p99" : 0.096917152404785156,
          "stddev" : 0
        }
      }
    },
    {
      "cold" : {
        "t2_roundtrip" : {
          "cv" : 0.031681054845303154,
          "max" : 398,
          "mean" : 384,
          "median" : 378.00000000000011,
          "min" : 376,
          "n" : 3,
          "p95" : 398,
          "p99" : 398,
          "stddev" : 12.165525060596412
        },
        "t5_collect_image" : {
          "cv" : 0,
          "max" : 0.025033950805664062,
          "mean" : 0.025033950805664062,
          "median" : 0.025033950805664062,
          "min" : 0.025033950805664062,
          "n" : 3,
          "p95" : 0.025033950805664062,
          "p99" : 0.025033950805664062,
          "stddev" : 0
        }
      },
      "content_length_kb" : 7.0673828125,
      "fixture" : "05-mermaid.md",
      "warm" : {
        "t2_roundtrip" : {
          "cv" : 0.027960509938661376,
          "max" : 243,
          "mean" : 235.09999999999999,
          "median" : 233,
          "min" : 223,
          "n" : 10,
          "p95" : 243,
          "p99" : 243,
          "stddev" : 6.5735158865792895
        },
        "t5_collect_image" : {
          "cv" : 0,
          "max" : 0.025033950805664062,
          "mean" : 0.025033950805664062,
          "median" : 0.025033950805664062,
          "min" : 0.025033950805664062,
          "n" : 10,
          "p95" : 0.025033950805664062,
          "p99" : 0.025033950805664062,
          "stddev" : 0
        }
      }
    },
    {
      "cold" : {
        "t2_roundtrip" : {
          "cv" : 0.033333333333333333,
          "max" : 31,
          "mean" : 30,
          "median" : 30,
          "min" : 29,
          "n" : 3,
          "p95" : 31,
          "p99" : 31,
          "stddev" : 1
        },
        "t5_collect_image" : {
          "cv" : 0,
          "max" : 0.030040740966796875,
          "mean" : 0.030040740966796875,
          "median" : 0.030040740966796875,
          "min" : 0.030040740966796875,